,Year,Month,Extent,Area
0,1978,11,11.65,9.04
1,1978,12,13.67,10.9
2,1979,1,15.41,12.41
3,1979,2,16.18,13.18
4,1979,3,16.34,13.21
5,1979,4,15.45,12.53
6,1979,5,13.86,11.11
7,1979,6,12.53,9.34
8,1979,7,10.31,6.69
9,1979,8,8.04,5.06
10,1979,9,7.05,4.58
11,1979,10,8.75,6.19
12,1979,11,10.94,8.37
13,1979,12,13.34,10.63
14,1980,1,14.86,11.94
15,1980,2,15.96,12.9
16,1980,3,16.04,12.99
17,1980,4,15.43,12.52
18,1980,5,13.79,10.96
19,1980,6,12.2,9
20,1980,7,10.1,6.53
21,1980,8,7.98,4.94
22,1980,9,7.67,4.87
23,1980,10,9.18,6.5
24,1980,11,11.38,8.73
25,1980,12,13.59,10.78
26,1981,1,14.91,11.91
27,1981,2,15.6,12.53
28,1981,3,15.63,12.71
29,1981,4,15.01,12.24
30,1981,5,13.8,10.99
31,1981,6,12.43,9.03
32,1981,7,10.27,6.31
33,1981,8,7.84,4.48
34,1981,9,7.14,4.44
35,1981,10,8.86,6.27
36,1981,11,10.93,8.31
37,1981,12,13.34,10.54
38,1982,1,15.18,12.19
39,1982,2,15.97,12.87
40,1982,3,16.04,13.07
41,1982,4,15.47,12.63
42,1982,5,13.97,11.17
43,1982,6,12.48,9.46
44,1982,7,10.37,6.87
45,1982,8,8.14,5
46,1982,9,7.3,4.43
47,1982,10,9.42,6.67
48,1982,11,11.63,9.06
49,1982,12,13.64,10.88
50,1983,1,14.94,12.01
51,1983,2,16.01,12.94
52,1983,3,16.09,12.93
53,1983,4,15.17,12.21
54,1983,5,13.49,10.87
55,1983,6,12.3,9.27
56,1983,7,10.57,6.86
57,1983,8,8.19,4.97
58,1983,9,7.39,4.7
59,1983,10,9.33,6.79
60,1983,11,11.46,8.99
61,1983,12,13.3,10.63
62,1984,1,14.47,11.68
63,1984,2,15.3,12.26
64,1984,3,15.58,12.55
65,1984,4,15.01,12.18
66,1984,5,13.58,10.88
67,1984,6,12.15,9.09
68,1984,7,9.98,6.3
69,1984,8,7.77,4.68
70,1984,9,6.81,4.11
71,1984,10,8.56,5.91
72,1984,11,10.84,8.24
73,1984,12,12.99,10.27
74,1985,1,14.72,11.69
75,1985,2,15.47,12.48
76,1985,3,15.89,12.75
77,1985,4,15.36,12.54
78,1985,5,14.07,11.25
79,1985,6,12.22,8.96
80,1985,7,9.74,5.99
81,1985,8,7.4,4.6
82,1985,9,6.7,4.23
83,1985,10,8.55,6.12
84,1985,11,11.02,8.42
85,1985,12,13.05,10.24
86,1986,1,14.89,11.88
87,1986,2,15.78,12.62
88,1986,3,15.91,12.72
89,1986,4,15.06,12.04
90,1986,5,13.38,10.7
91,1986,6,11.98,8.99
92,1986,7,10.15,6.62
93,1986,8,7.98,5.01
94,1986,9,7.41,4.72
95,1986,10,9.48,6.83
96,1986,11,11.45,8.87
97,1986,12,13.22,10.53
98,1987,1,14.97,11.9
99,1987,2,16.05,13.02
100,1987,3,15.82,12.83
101,1987,4,15.21,12.35
102,1987,5,13.74,10.97
103,1987,6,12.49,9.39
104,1987,7,10.33,6.55
105,1987,8,7.63,-9999
106,1987,9,7.28,5.64
107,1987,10,9.05,7.49
108,1987,11,11.22,9.73
111,1988,2,15.58,13.57
112,1988,3,15.96,13.9
113,1988,4,15.12,13.18
114,1988,5,13.56,11.41
115,1988,6,11.94,9.68
116,1988,7,9.81,7.01
117,1988,8,7.89,5.42
118,1988,9,7.37,5.36
119,1988,10,9.13,7.52
120,1988,11,11.33,9.91
121,1988,12,13.63,11.99
122,1989,1,14.95,13.18
123,1989,2,15.5,13.36
124,1989,3,15.42,13.21
125,1989,4,14.33,12.36
126,1989,5,13.04,11.35
127,1989,6,12.24,9.95
128,1989,7,10.13,7.33
129,1989,8,7.88,5.56
130,1989,9,7.01,4.86
131,1989,10,8.83,6.96
132,1989,11,11.12,9.46
133,1989,12,13.39,11.61
134,1990,1,14.78,12.8
135,1990,2,15.58,13.42
136,1990,3,15.87,13.51
137,1990,4,14.65,12.28
138,1990,5,13.23,10.9
139,1990,6,11.64,9.2
140,1990,7,9.25,6.52
141,1990,8,6.8,4.99
142,1990,9,6.14,4.55
143,1990,10,8.48,6.74
144,1990,11,11.08,9.64
145,1990,12,13.11,11.47
146,1991,1,14.36,12.57
147,1991,2,15.25,13.22
148,1991,3,15.42,13.42
149,1991,4,14.86,12.87
150,1991,5,13.47,11.5
151,1991,6,12.11,9.66
152,1991,7,9.51,6.76
153,1991,8,7.42,5.21
154,1991,9,6.47,4.51
155,1991,10,8.54,6.75
156,1991,11,10.88,9.25
157,1991,12,12.95,11.19
158,1992,1,14.64,12.61
159,1992,2,15.46,13.58
160,1992,3,15.48,13.48
161,1992,4,14.68,12.84
162,1992,5,13.22,11.43
163,1992,6,12.15,9.95
164,1992,7,10.32,7.22
165,1992,8,7.93,5.44
166,1992,9,7.47,5.43
167,1992,10,9.32,7.74
168,1992,11,11.38,9.75
169,1992,12,13.41,11.72
170,1993,1,14.9,12.93
171,1993,2,15.69,13.61
172,1993,3,15.81,13.77
173,1993,4,15.08,13.03
174,1993,5,13.37,11.42
175,1993,6,11.87,9.26
176,1993,7,9.48,6.28
177,1993,8,7.33,4.76
178,1993,9,6.4,4.58
179,1993,10,8.79,7.06
180,1993,11,11.32,9.54
181,1993,12,13.32,11.48
182,1994,1,14.73,12.88
183,1994,2,15.56,13.52
184,1994,3,15.55,13.55
185,1994,4,14.89,12.91
186,1994,5,13.62,11.66
187,1994,6,12.02,9.68
188,1994,7,9.93,6.92
189,1994,8,7.64,5.19
190,1994,9,7.14,5.13
191,1994,10,8.92,7.23
192,1994,11,11.12,9.71
193,1994,12,13.27,11.49
194,1995,1,14.59,12.79
195,1995,2,15.23,13.37
196,1995,3,15.26,13.34
197,1995,4,14.45,12.4
198,1995,5,12.97,10.9
199,1995,6,11.44,8.94
200,1995,7,8.99,6.16
201,1995,8,6.74,4.69
202,1995,9,6.08,4.43
203,1995,10,7.83,5.99
204,1995,11,10.76,9.03
205,1995,12,12.92,11.09
206,1996,1,14.18,12.15
207,1996,2,15.15,12.98
208,1996,3,15.12,12.9
209,1996,4,14.22,12.32
210,1996,5,13.09,11.28
211,1996,6,12.08,9.83
212,1996,7,10.16,7.44
213,1996,8,8.18,5.73
214,1996,9,7.58,5.62
215,1996,10,9.16,7.54
216,1996,11,10.4,8.77
217,1996,12,12.86,11.03
218,1997,1,14.42,12.39
219,1997,2,15.44,13.44
220,1997,3,15.47,13.3
221,1997,4,14.56,12.57
222,1997,5,13.18,11.24
223,1997,6,11.74,9.2
224,1997,7,9.41,6.5
225,1997,8,7.29,5.09
226,1997,9,6.69,4.89
227,1997,10,8.34,6.47
228,1997,11,10.68,9.07
229,1997,12,13.08,11.24
230,1998,1,14.72,12.81
231,1998,2,15.75,13.77
232,1998,3,15.6,13.57
233,1998,4,14.89,12.85
234,1998,5,13.59,11.4
235,1998,6,11.71,9.18
236,1998,7,9.42,6.45
237,1998,8,7.51,4.69
238,1998,9,6.54,4.3
239,1998,10,8.45,6.71
240,1998,11,10.44,8.88
241,1998,12,12.76,10.91
242,1999,1,14.36,12.6
243,1999,2,15.31,13.45
244,1999,3,15.4,13.54
245,1999,4,15.08,13.15
246,1999,5,13.75,11.66
247,1999,6,11.78,9.25
248,1999,7,9.49,6.55
249,1999,8,7.23,4.75
250,1999,9,6.12,4.29
251,1999,10,8.6,6.83
252,1999,11,10.8,9.26
253,1999,12,12.64,10.99
254,2000,1,14.22,12.3
255,2000,2,15.14,13.09
256,2000,3,15.22,13.17
257,2000,4,14.56,12.6
258,2000,5,13.15,11.24
259,2000,6,11.67,9.05
260,2000,7,9.51,6.39
261,2000,8,7.17,4.78
262,2000,9,6.25,4.35
263,2000,10,8.38,6.69
264,2000,11,10.32,8.87
265,2000,12,12.64,10.96
266,2001,1,14.2,12.35
267,2001,2,15.21,13.22
268,2001,3,15.52,13.64
269,2001,4,14.86,13.05
270,2001,5,13.51,11.38
271,2001,6,11.46,9.09
272,2001,7,9.07,6.29
273,2001,8,7.46,4.94
274,2001,9,6.73,4.59
275,2001,10,8.3,6.65
276,2001,11,10.66,9.08
277,2001,12,12.49,10.55
278,2002,1,14.27,12.26
279,2002,2,15.34,13.42
280,2002,3,15.35,13.42
281,2002,4,14.3,12.41
282,2002,5,12.97,11.16
283,2002,6,11.58,9.19
284,2002,7,9.27,6.44
285,2002,8,6.6,4.32
286,2002,9,5.83,4.03
287,2002,10,8.16,6.24
288,2002,11,10.34,8.75
289,2002,12,12.61,10.64
290,2003,1,14.39,12.29
291,2003,2,15.19,13.23
292,2003,3,15.48,13.42
293,2003,4,14.51,12.46
294,2003,5,13.02,10.89
295,2003,6,11.6,9.11
296,2003,7,9.21,6.15
297,2003,8,6.94,4.52
298,2003,9,6.12,4.05
299,2003,10,7.85,5.98
300,2003,11,10.13,8.57
301,2003,12,12.59,10.8
302,2004,1,14.03,12.26
303,2004,2,14.91,12.94
304,2004,3,14.99,12.99
305,2004,4,13.99,12.16
306,2004,5,12.56,10.92
307,2004,6,11.45,9.24
308,2004,7,9.43,6.51
309,2004,8,6.85,4.67
310,2004,9,5.98,4.39
311,2004,10,7.93,6.4
312,2004,11,10.34,8.95
313,2004,12,12.55,10.98
314,2005,1,13.66,11.92
315,2005,2,14.37,12.35
316,2005,3,14.69,12.74
317,2005,4,14.09,12.23
318,2005,5,12.91,10.88
319,2005,6,11.16,8.81
320,2005,7,8.65,5.9
321,2005,8,6.3,4.21
322,2005,9,5.5,4.07
323,2005,10,7.35,5.78
324,2005,11,10.22,8.8
325,2005,12,12.23,10.56
326,2006,1,13.47,11.65
327,2006,2,14.32,12.35
328,2006,3,14.42,12.52
329,2006,4,13.91,12.04
330,2006,5,12.52,10.45
331,2006,6,10.92,8.41
332,2006,7,8.46,5.79
333,2006,8,6.5,4.31
334,2006,9,5.86,4.01
335,2006,10,7.54,5.8
336,2006,11,9.66,8.13
337,2006,12,11.95,10.17
338,2007,1,13.7,11.86
339,2007,2,14.51,12.58
340,2007,3,14.54,12.56
341,2007,4,13.85,11.83
342,2007,5,12.78,10.77
343,2007,6,11.22,8.21
344,2007,7,7.94,5.13
345,2007,8,5.34,3.19
346,2007,9,4.27,2.82
347,2007,10,6.04,4.33
348,2007,11,9.76,8.06
349,2007,12,12.03,10.18
350,2008,1,13.89,12.3
351,2008,2,14.95,13.21
352,2008,3,15.18,13.53
353,2008,4,14.35,12.78
354,2008,5,12.97,11.25
355,2008,6,11.21,8.85
356,2008,7,8.68,6.06
357,2008,8,5.91,3.79
358,2008,9,4.69,3.26
359,2008,10,7.35,5.77
360,2008,11,10.34,9.05
361,2008,12,12.36,10.97
362,2009,1,13.91,12.32
363,2009,2,14.81,13.21
364,2009,3,14.98,13.43
365,2009,4,14.5,12.92
366,2009,5,13.19,11.48
367,2009,6,11.32,9.25
368,2009,7,8.47,6.12
369,2009,8,6.14,4.16
370,2009,9,5.26,3.76
371,2009,10,6.92,5.24
372,2009,11,9.77,8.36
373,2009,12,12.2,10.59
374,2010,1,13.74,12.04
375,2010,2,14.58,12.96
376,2010,3,15.14,13.53
377,2010,4,14.66,12.85
378,2010,5,12.87,10.88
379,2010,6,10.59,8.37
380,2010,7,8.07,5.57
381,2010,8,5.87,3.88
382,2010,9,4.87,3.34
383,2010,10,6.98,5.48
384,2010,11,9.61,8.43
385,2010,12,11.83,10.43
386,2011,1,13.46,11.83
387,2011,2,14.36,12.76
388,2011,3,14.55,12.83
389,2011,4,14.11,12.45
390,2011,5,12.68,10.74
391,2011,6,10.75,8.54
392,2011,7,7.72,5.4
393,2011,8,5.5,3.38
394,2011,9,4.56,3.21
395,2011,10,6.46,5.02
396,2011,11,9.77,8.52
397,2011,12,12.15,10.63
398,2012,1,13.73,12.21
399,2012,2,14.55,12.72
400,2012,3,15.2,13.41
401,2012,4,14.63,12.87
402,2012,5,13.01,11.05
403,2012,6,10.67,8.16
404,2012,7,7.67,5.09
405,2012,8,4.72,2.93
406,2012,9,3.57,2.41
407,2012,10,5.89,4.58
408,2012,11,9.39,8.06
409,2012,12,12.01,10.45
410,2013,1,13.7,12.02
411,2013,2,14.72,13.2
412,2013,3,15.03,13.45
413,2013,4,14.3,12.75
414,2013,5,13,11.25
415,2013,6,11.36,8.95
416,2013,7,8.13,5.81
417,2013,8,6.01,4.17
418,2013,9,5.21,3.78
419,2013,10,7.45,5.95
420,2013,11,9.94,8.66
421,2013,12,12.18,10.87
422,2014,1,13.65,12.1
423,2014,2,14.42,12.56
424,2014,3,14.76,12.95
425,2014,4,14.09,12.43
426,2014,5,12.7,11.05
427,2014,6,11.03,8.76
428,2014,7,8.11,5.96
429,2014,8,6.08,4.37
430,2014,9,5.22,3.74
431,2014,10,7.23,5.7
432,2014,11,10.11,8.75
433,2014,12,12.35,10.89
434,2015,1,13.6,12.17
435,2015,2,14.4,12.85
436,2015,3,14.37,12.78
437,2015,4,13.89,12.33
438,2015,5,12.47,10.9
439,2015,6,10.88,8.7
440,2015,7,8.38,5.66
441,2015,8,5.6,3.63
442,2015,9,4.62,3.42
443,2015,10,6.97,5.49
444,2015,11,9.85,8.48
445,2015,12,12.04,10.64
446,2016,1,13.46,11.8
447,2016,2,14.2,12.43
448,2016,3,14.4,12.61
449,2016,4,13.68,11.98
450,2016,5,11.92,10.25
451,2016,6,10.41,8.21
452,2016,7,7.94,5.37
453,2016,8,5.37,3.31
454,2016,9,4.53,2.91
455,2016,10,6.08,4.4
456,2016,11,8.66,7.01
457,2016,12,11.46,9.62
458,2017,1,13.19,11.37
459,2017,2,14.12,12.32
460,2017,3,14.29,12.61
461,2017,4,13.75,12.26
462,2017,5,12.63,11.01
463,2017,6,10.76,8.63
464,2017,7,7.94,5.65
465,2017,8,5.48,3.64
466,2017,9,4.82,3.35
467,2017,10,6.77,5.3
468,2017,11,9.49,8.08
469,2017,12,11.74,10.26
470,2018,1,13.08,11.7
471,2018,2,13.97,12.31
472,2018,3,14.3,12.69
473,2018,4,13.7,12.28
474,2018,5,12.23,10.81
475,2018,6,10.78,8.79
476,2018,7,8.27,5.76
477,2018,8,5.61,3.9
478,2018,9,4.79,3.35
479,2018,10,6.13,4.59
480,2018,11,9.82,8.43
481,2018,12,11.86,10.45
482,2019,1,13.57,12.14
483,2019,2,14.39,12.76
484,2019,3,14.57,12.89
485,2019,4,13.43,11.9
486,2019,5,12.19,10.5
487,2019,6,10.59,8.32
488,2019,7,7.59,5.13
489,2019,8,5.03,3.24
490,2019,9,4.36,3.17
491,2019,10,5.73,4.53
492,2019,11,9.35,7.98
493,2019,12,11.9,10.52
494,2020,1,13.64,12.15
495,2020,2,14.64,12.95
496,2020,3,14.73,13.03
497,2020,4,13.62,12.02
498,2020,5,12.34,10.51
499,2020,6,10.59,8.41
500,2020,7,7.29,5.07
501,2020,8,5.07,3.1
502,2020,9,4,2.83
503,2020,10,5.33,4.11
504,2020,11,8.99,7.53
505,2020,12,11.73,10.16
506,2021,1,13.5,11.75
507,2021,2,14.39,12.76
508,2021,3,14.66,12.99
509,2021,4,13.79,12.18
510,2021,5,12.68,10.86
511,2021,6,10.77,8.39
512,2021,7,7.65,5.53
513,2021,8,5.71,3.78
514,2021,9,4.95,3.47
515,2021,10,6.82,5.43
516,2021,11,9.83,8.57
517,2021,12,12.15,10.74
518,2022,1,13.87,12.26
519,2022,2,14.61,12.9
520,2022,3,14.59,12.8
521,2022,4,13.99,12.46
522,2022,5,12.88,11.1
523,2022,6,10.88,8.61
524,2022,7,8.29,5.89
525,2022,8,5.95,4.03
526,2022,9,4.9,3.47
527,2022,10,6.66,5.25
528,2022,11,9.73,8.52
529,2022,12,11.89,10.27
530,2023,1,13.36,11.88
531,2023,2,14.19,12.61
532,2023,3,14.43,12.91
533,2023,4,13.92,12.53
534,2023,5,12.82,11.05
535,2023,6,10.99,8.69
536,2023,7,8.21,5.54
537,2023,8,5.51,3.52
538,2023,9,4.38,2.83
539,2023,10,6.41,4.88
540,2023,11,9.68,8.3
541,2023,12,11.98,10.34
542,2024,1,13.92,12.24
543,2024,2,14.61,12.76
544,2024,3,14.87,13.19
545,2024,4,14.04,12.56
546,2024,5,12.74,11.07
547,2024,6,10.85,8.6
548,2024,7,7.87,5.16
549,2024,8,5.13,3.09
550,2024,9,4.35,2.91
551,2024,10,5.93,4.54
552,2024,11,9.15,7.74
553,2024,12,11.41,10.03
554,2025,1,13.11,11.49
555,2025,2,13.75,11.76
556,2025,3,14.12,12.19
557,2025,4,13.83,12.05
558,2025,5,12.49,10.28
559,2025,6,10.4,8.15
560,2025,7,7.66,5.17
561,2025,8,5.39,3.33
562,2025,9,4.75,3.08
